-- data for pet_type table

insert into pet_type (type_id, name, life_expectancy, scientific_name) values (1, 'Cat', 14, 'Felis catus');
insert into pet_type (type_id, name, life_expectancy, scientific_name) values (2, 'Dog', 13, 'Canis lupus familiaris');
insert into pet_type (type_id, name, life_expectancy, scientific_name) values (3, 'Bird', 25, 'Aves');
insert into pet_type (type_id, name, life_expectancy, scientific_name) values (4, 'Fish', 3, 'Vertebrata');

--data for owner table

insert into owner (owner_id, name, age, email) values (1, 'Tatiania Mcsarry', 15, 'tmcsarry0@ed.gov');
insert into owner (owner_id, name, age, email) values (2, 'Alidia Alenichicov', 68, 'aalenichicov1@slashdot.org');
insert into owner (owner_id, name, age, email) values (3, 'Hermy Lunnon', 18, 'hlunnon2@yahoo.co.jp');
insert into owner (owner_id, name, age, email) values (4, 'Gloriane Crisford', 57, 'gcrisford3@google.de');
insert into owner (owner_id, name, age, email) values (5, 'Alfie Fryett', 41, 'afryett4@senate.gov');
insert into owner (owner_id, name, age, email) values (6, 'Godard Harrinson', 61, 'gharrinson5@technorati.com');
insert into owner (owner_id, name, age, email) values (7, 'Tamma Kembry', 30, 'tkembry6@pbs.org');
insert into owner (owner_id, name, age, email) values (8, 'Beale Van Halle', 22, 'bvan7@nbcnews.com');
insert into owner (owner_id, name, age, email) values (9, 'Bernie Priel', 53, 'bpriel8@about.com');
insert into owner (owner_id, name, age, email) values (10, 'Dulcea Siegertsz', 36, 'dsiegertsz9@surveymonkey.com');
insert into owner (owner_id, name, age, email) values (11, 'Sayre Abrahmer', 56, 'sabrahmera@delicious.com');
insert into owner (owner_id, name, age, email) values (12, 'Melinde Bowers', 77, 'mbowersb@ycombinator.com');
insert into owner (owner_id, name, age, email) values (13, 'Jodie Rogliero', 26, 'jroglieroc@github.io');
insert into owner (owner_id, name, age, email) values (14, 'Charis Stoppard', 51, 'cstoppardd@360.cn');
insert into owner (owner_id, name, age, email) values (15, 'Maximilien Dysert', 72, 'mdyserte@mlb.com');
insert into owner (owner_id, name, age, email) values (16, 'Rori Gant', 20, 'rgantf@t-online.de');
insert into owner (owner_id, name, age, email) values (17, 'Torie Draper', 16, 'tdraperg@si.edu');
insert into owner (owner_id, name, age, email) values (18, 'Antonino Bushe', 31, 'abusheh@zimbio.com');
insert into owner (owner_id, name, age, email) values (19, 'Tirrell Meffin', 17, 'tmeffini@google.fr');
insert into owner (owner_id, name, age, email) values (20, 'Foss Bullman', 27, 'fbullmanj@arstechnica.com');
insert into owner (owner_id, name, age, email) values (21, 'Bartholomew Bilney', 19, 'bbilneyk@seesaa.net');
insert into owner (owner_id, name, age, email) values (22, 'Rowney Stenyng', 12, 'rstenyngl@wisc.edu');
insert into owner (owner_id, name, age, email) values (23, 'Amberly Tuffs', 50, 'atuffsm@mozilla.com');
insert into owner (owner_id, name, age, email) values (24, 'Renie Scohier', 24, 'rscohiern@reverbnation.com');
insert into owner (owner_id, name, age, email) values (25, 'Cristobal Batman', 16, 'cbatmano@imageshack.us');
insert into owner (owner_id, name, age, email) values (26, 'Jaquelin Benadette', 61, 'jbenadettep@ebay.com');
insert into owner (owner_id, name, age, email) values (27, 'Aldus Semkins', 16, 'asemkinsq@ucoz.com');
insert into owner (owner_id, name, age, email) values (28, 'Maisey Teggart', 39, 'mteggartr@harvard.edu');
insert into owner (owner_id, name, age, email) values (29, 'Renado Ducket', 36, 'rduckets@chicagotribune.com');
insert into owner (owner_id, name, age, email) values (30, 'Foss Rubinfajn', 63, 'frubinfajnt@nba.com');
insert into owner (owner_id, name, age, email) values (31, 'Adam Forrest', 34, 'aforrestu@vinaora.com');
insert into owner (owner_id, name, age, email) values (32, 'Corrinne Holtham', 37, 'cholthamv@flickr.com');
insert into owner (owner_id, name, age, email) values (33, 'Humberto Dulwitch', 72, 'hdulwitchw@senate.gov');
insert into owner (owner_id, name, age, email) values (34, 'Papageno Dammarell', 20, 'pdammarellx@mit.edu');
insert into owner (owner_id, name, age, email) values (35, 'Babara Janning', 90, 'bjanningy@hexun.com');
insert into owner (owner_id, name, age, email) values (36, 'Conchita Edlyne', 70, 'cedlynez@google.ca');
insert into owner (owner_id, name, age, email) values (37, 'Mayne Wettern', 29, 'mwettern10@sciencedaily.com');
insert into owner (owner_id, name, age, email) values (38, 'Xaviera Fido', 68, 'xfido11@geocities.jp');
insert into owner (owner_id, name, age, email) values (39, 'Fayth Hards', 77, 'fhards12@reference.com');
insert into owner (owner_id, name, age, email) values (40, 'Ekaterina Mazey', 58, 'emazey13@pagesperso-orange.fr');
insert into owner (owner_id, name, age, email) values (41, 'Fabiano Mozzi', 44, 'fmozzi14@vistaprint.com');
insert into owner (owner_id, name, age, email) values (42, 'Cob Shrimpton', 59, 'cshrimpton15@prnewswire.com');
insert into owner (owner_id, name, age, email) values (43, 'Carilyn Oscroft', 38, 'coscroft16@slate.com');
insert into owner (owner_id, name, age, email) values (44, 'Linnell Beange', 77, 'lbeange17@army.mil');
insert into owner (owner_id, name, age, email) values (45, 'Odetta Davinet', 84, 'odavinet18@narod.ru');
insert into owner (owner_id, name, age, email) values (46, 'Sunshine Armour', 71, 'sarmour19@ihg.com');
insert into owner (owner_id, name, age, email) values (47, 'Dougy Matusovsky', 51, 'dmatusovsky1a@blogspot.com');
insert into owner (owner_id, name, age, email) values (48, 'Isac Hardman', 61, 'ihardman1b@sohu.com');
insert into owner (owner_id, name, age, email) values (49, 'Annnora Fruin', 58, 'afruin1c@whitehouse.gov');
insert into owner (owner_id, name, age, email) values (50, 'Korney Dunleavy', 29, 'kdunleavy1d@ning.com');
insert into owner (owner_id, name, age, email) values (51, 'Trula Reimers', 73, 'treimers1e@odnoklassniki.ru');
insert into owner (owner_id, name, age, email) values (52, 'Maire Sherbrooke', 72, 'msherbrooke1f@ted.com');
insert into owner (owner_id, name, age, email) values (53, 'Koo Grigorey', 60, 'kgrigorey1g@google.ca');
insert into owner (owner_id, name, age, email) values (54, 'Vlad Ludwell', 11, 'vludwell1h@jiathis.com');
insert into owner (owner_id, name, age, email) values (55, 'Noelyn Hakeworth', 55, 'nhakeworth1i@pinterest.com');
insert into owner (owner_id, name, age, email) values (56, 'Kristan Dongall', 38, 'kdongall1j@boston.com');
insert into owner (owner_id, name, age, email) values (57, 'Flore Hebbard', 14, 'fhebbard1k@parallels.com');
insert into owner (owner_id, name, age, email) values (58, 'Willi Benam', 38, 'wbenam1l@examiner.com');
insert into owner (owner_id, name, age, email) values (59, 'Catina Audsley', 89, 'caudsley1m@princeton.edu');
insert into owner (owner_id, name, age, email) values (60, 'Andonis McNickle', 65, 'amcnickle1n@ucoz.com');
insert into owner (owner_id, name, age, email) values (61, 'Adham Hammell', 45, 'ahammell1o@jalbum.net');
insert into owner (owner_id, name, age, email) values (62, 'Tabby Boost', 39, 'tboost1p@posterous.com');
insert into owner (owner_id, name, age, email) values (63, 'Magdalene Cristoforetti', 78, 'mcristoforetti1q@statcounter.com');
insert into owner (owner_id, name, age, email) values (64, 'Carla Ferrige', 76, 'cferrige1r@intel.com');
insert into owner (owner_id, name, age, email) values (65, 'Travus Pozer', 49, 'tpozer1s@princeton.edu');
insert into owner (owner_id, name, age, email) values (66, 'Errick Glazyer', 24, 'eglazyer1t@miitbeian.gov.cn');
insert into owner (owner_id, name, age, email) values (67, 'Nelson Benning', 72, 'nbenning1u@pcworld.com');
insert into owner (owner_id, name, age, email) values (68, 'Wang Cortnay', 70, 'wcortnay1v@storify.com');
insert into owner (owner_id, name, age, email) values (69, 'Andi Hryskiewicz', 22, 'ahryskiewicz1w@slashdot.org');
insert into owner (owner_id, name, age, email) values (70, 'Kalila Cassella', 53, 'kcassella1x@xing.com');
insert into owner (owner_id, name, age, email) values (71, 'Nani Skaif', 21, 'nskaif1y@army.mil');
insert into owner (owner_id, name, age, email) values (72, 'Lida Urvoy', 22, 'lurvoy1z@skype.com');
insert into owner (owner_id, name, age, email) values (73, 'Jordan Gandey', 84, 'jgandey20@earthlink.net');
insert into owner (owner_id, name, age, email) values (74, 'Dode Goady', 44, 'dgoady21@vkontakte.ru');
insert into owner (owner_id, name, age, email) values (75, 'Oren O''Sheils', 35, 'oosheils22@jalbum.net');
insert into owner (owner_id, name, age, email) values (76, 'Rosella Bole', 49, 'rbole23@360.cn');
insert into owner (owner_id, name, age, email) values (77, 'Marnie Hargate', 55, 'mhargate24@hud.gov');
insert into owner (owner_id, name, age, email) values (78, 'Caresa Gaskell', 52, 'cgaskell25@hostgator.com');
insert into owner (owner_id, name, age, email) values (79, 'Karylin Beggan', 88, 'kbeggan26@freewebs.com');
insert into owner (owner_id, name, age, email) values (80, 'Kristy Cattach', 22, 'kcattach27@usa.gov');
insert into owner (owner_id, name, age, email) values (81, 'Nancy Conry', 62, 'nconry28@posterous.com');
insert into owner (owner_id, name, age, email) values (82, 'Maryanne Hartshorne', 29, 'mhartshorne29@bbc.co.uk');
insert into owner (owner_id, name, age, email) values (83, 'Winni Jacquest', 60, 'wjacquest2a@blogspot.com');
insert into owner (owner_id, name, age, email) values (84, 'Daphne Thackeray', 75, 'dthackeray2b@foxnews.com');
insert into owner (owner_id, name, age, email) values (85, 'Renaldo Sawdon', 19, 'rsawdon2c@g.co');
insert into owner (owner_id, name, age, email) values (86, 'Fanni Eckhard', 10, 'feckhard2d@pcworld.com');
insert into owner (owner_id, name, age, email) values (87, 'Daniella Mackleden', 44, 'dmackleden2e@arizona.edu');
insert into owner (owner_id, name, age, email) values (88, 'Evvy Shortall', 90, 'eshortall2f@usatoday.com');
insert into owner (owner_id, name, age, email) values (89, 'Kiri Penwright', 26, 'kpenwright2g@networkadvertising.org');
insert into owner (owner_id, name, age, email) values (90, 'Kermit Matthias', 28, 'kmatthias2h@pinterest.com');
insert into owner (owner_id, name, age, email) values (91, 'Faustina Rosenshine', 20, 'frosenshine2i@nature.com');
insert into owner (owner_id, name, age, email) values (92, 'Dinny Caughan', 60, 'dcaughan2j@fotki.com');
insert into owner (owner_id, name, age, email) values (93, 'Rianon Goodram', 39, 'rgoodram2k@nbcnews.com');
insert into owner (owner_id, name, age, email) values (94, 'Kristoforo Solomonides', 56, 'ksolomonides2l@sphinn.com');
insert into owner (owner_id, name, age, email) values (95, 'Garold Abbe', 84, 'gabbe2m@senate.gov');
insert into owner (owner_id, name, age, email) values (96, 'Lia Adkins', 66, 'ladkins2n@dailymail.co.uk');
insert into owner (owner_id, name, age, email) values (97, 'Briant O'' Shea', 14, 'bo2o@creativecommons.org');
insert into owner (owner_id, name, age, email) values (98, 'Jodi Maton', 84, 'jmaton2p@icq.com');
insert into owner (owner_id, name, age, email) values (99, 'Martynne Etchingham', 48, 'metchingham2q@deviantart.com');
insert into owner (owner_id, name, age, email) values (100, 'Whitman Benton', 78, 'wbenton2r@pbs.org');

-- date for pets table

insert into pets (pet_id, pet_name, age, type_id, owner_id) values (1, 'Randy', 9, 1, 95);
insert into pets (pet_id, pet_name, age, type_id, owner_id) values (2, 'Annette', 12, 2, 46);
insert into pets (pet_id, pet_name, age, type_id, owner_id) values (3, 'Dottie', 19, 1, 30);
insert into pets (pet_id, pet_name, age, type_id, owner_id) values (4, 'Ilyssa', 8, 3, 71);
insert into pets (pet_id, pet_name, age, type_id, owner_id) values (5, 'Mike', 13, 2, 64);
insert into pets (pet_id, pet_name, age, type_id, owner_id) values (6, 'Drusilla', 6, 3, 33);
insert into pets (pet_id, pet_name, age, type_id, owner_id) values (7, 'Lindsey', 4, 3, 91);
insert into pets (pet_id, pet_name, age, type_id, owner_id) values (8, 'Lynea', 4, 4, 72);
insert into pets (pet_id, pet_name, age, type_id, owner_id) values (9, 'Wakefield', 18, 2, 36);
insert into pets (pet_id, pet_name, age, type_id, owner_id) values (10, 'Gerrie', 15, 3, 24);
insert into pets (pet_id, pet_name, age, type_id, owner_id) values (11, 'Charmain', 18, 1, 57);
insert into pets (pet_id, pet_name, age, type_id, owner_id) values (12, 'Anallise', 1, 4, 80);
insert into pets (pet_id, pet_name, age, type_id, owner_id) values (13, 'Valaria', 15, 3, 86);
insert into pets (pet_id, pet_name, age, type_id, owner_id) values (14, 'Anestassia', 5, 1, 31);
insert into pets (pet_id, pet_name, age, type_id, owner_id) values (15, 'Skip', 5, 1, 44);
insert into pets (pet_id, pet_name, age, type_id, owner_id) values (16, 'Trace', 17, 2, 7);
insert into pets (pet_id, pet_name, age, type_id, owner_id) values (17, 'Burk', 10, 4, 42);
insert into pets (pet_id, pet_name, age, type_id, owner_id) values (18, 'Bibby', 8, 3, 55);
insert into pets (pet_id, pet_name, age, type_id, owner_id) values (19, 'Bendick', 14, 1, 48);
insert into pets (pet_id, pet_name, age, type_id, owner_id) values (20, 'Salomon', 2, 4, 37);
insert into pets (pet_id, pet_name, age, type_id, owner_id) values (21, 'Rayshell', 15, 3, 19);
insert into pets (pet_id, pet_name, age, type_id, owner_id) values (22, 'Korry', 5, 1, 57);
insert into pets (pet_id, pet_name, age, type_id, owner_id) values (23, 'Maud', 5, 1, 57);
insert into pets (pet_id, pet_name, age, type_id, owner_id) values (24, 'Carolee', 14, 4, 76);
insert into pets (pet_id, pet_name, age, type_id, owner_id) values (25, 'Odelle', 6, 4, 62);
insert into pets (pet_id, pet_name, age, type_id, owner_id) values (26, 'Waneta', 12, 4, 67);
insert into pets (pet_id, pet_name, age, type_id, owner_id) values (27, 'Celestia', 13, 1, 37);
insert into pets (pet_id, pet_name, age, type_id, owner_id) values (28, 'Cliff', 6, 4, 45);
insert into pets (pet_id, pet_name, age, type_id, owner_id) values (29, 'Jojo', 11, 3, 60);
insert into pets (pet_id, pet_name, age, type_id, owner_id) values (30, 'Danny', 7, 2, 26);
insert into pets (pet_id, pet_name, age, type_id, owner_id) values (31, 'Read', 0, 3, 58);
insert into pets (pet_id, pet_name, age, type_id, owner_id) values (32, 'Germaine', 10, 1, 36);
insert into pets (pet_id, pet_name, age, type_id, owner_id) values (33, 'Casi', 0, 2, 53);
insert into pets (pet_id, pet_name, age, type_id, owner_id) values (34, 'Nick', 14, 2, 20);
insert into pets (pet_id, pet_name, age, type_id, owner_id) values (35, 'Helsa', 3, 2, 25);
insert into pets (pet_id, pet_name, age, type_id, owner_id) values (36, 'Colver', 19, 1, 22);
insert into pets (pet_id, pet_name, age, type_id, owner_id) values (37, 'Gil', 5, 2, 1);
insert into pets (pet_id, pet_name, age, type_id, owner_id) values (38, 'Franciskus', 20, 4, 21);
insert into pets (pet_id, pet_name, age, type_id, owner_id) values (39, 'Flory', 10, 1, 82);
insert into pets (pet_id, pet_name, age, type_id, owner_id) values (40, 'Diena', 16, 1, 32);
insert into pets (pet_id, pet_name, age, type_id, owner_id) values (41, 'Niels', 7, 1, 80);
insert into pets (pet_id, pet_name, age, type_id, owner_id) values (42, 'Kassey', 16, 3, 28);
insert into pets (pet_id, pet_name, age, type_id, owner_id) values (43, 'Oralle', 14, 1, 88);
insert into pets (pet_id, pet_name, age, type_id, owner_id) values (44, 'Evanne', 2, 2, 15);
insert into pets (pet_id, pet_name, age, type_id, owner_id) values (45, 'Enos', 8, 1, 81);
insert into pets (pet_id, pet_name, age, type_id, owner_id) values (46, 'Gar', 19, 4, 92);
insert into pets (pet_id, pet_name, age, type_id, owner_id) values (47, 'Kelvin', 12, 1, 75);
insert into pets (pet_id, pet_name, age, type_id, owner_id) values (48, 'Laird', 5, 2, 82);
insert into pets (pet_id, pet_name, age, type_id, owner_id) values (49, 'Rudd', 14, 2, 99);
insert into pets (pet_id, pet_name, age, type_id, owner_id) values (50, 'Buddie', 5, 1, 22);
insert into pets (pet_id, pet_name, age, type_id, owner_id) values (51, 'Sutton', 11, 3, 59);
insert into pets (pet_id, pet_name, age, type_id, owner_id) values (52, 'Tamiko', 18, 4, 22);
insert into pets (pet_id, pet_name, age, type_id, owner_id) values (53, 'Kimmy', 3, 1, 13);
insert into pets (pet_id, pet_name, age, type_id, owner_id) values (54, 'Kevin', 13, 4, 20);
insert into pets (pet_id, pet_name, age, type_id, owner_id) values (55, 'Jehanna', 20, 4, 77);
insert into pets (pet_id, pet_name, age, type_id, owner_id) values (56, 'Lotte', 19, 2, 45);
insert into pets (pet_id, pet_name, age, type_id, owner_id) values (57, 'Leone', 18, 4, 68);
insert into pets (pet_id, pet_name, age, type_id, owner_id) values (58, 'Hendrika', 11, 3, 8);
insert into pets (pet_id, pet_name, age, type_id, owner_id) values (59, 'Matilde', 19, 3, 81);
insert into pets (pet_id, pet_name, age, type_id, owner_id) values (60, 'Guilbert', 15, 4, 52);
insert into pets (pet_id, pet_name, age, type_id, owner_id) values (61, 'Derrek', 11, 1, 36);
insert into pets (pet_id, pet_name, age, type_id, owner_id) values (62, 'Arlene', 5, 1, 91);
insert into pets (pet_id, pet_name, age, type_id, owner_id) values (63, 'Terencio', 2, 3, 50);
insert into pets (pet_id, pet_name, age, type_id, owner_id) values (64, 'Fifi', 1, 1, 95);
insert into pets (pet_id, pet_name, age, type_id, owner_id) values (65, 'Benny', 1, 3, 21);
insert into pets (pet_id, pet_name, age, type_id, owner_id) values (66, 'Lorrie', 11, 3, 52);
insert into pets (pet_id, pet_name, age, type_id, owner_id) values (67, 'Hilary', 6, 2, 84);
insert into pets (pet_id, pet_name, age, type_id, owner_id) values (68, 'Fabe', 19, 1, 87);
insert into pets (pet_id, pet_name, age, type_id, owner_id) values (69, 'Tish', 1, 4, 73);
insert into pets (pet_id, pet_name, age, type_id, owner_id) values (70, 'Lucine', 17, 4, 50);
insert into pets (pet_id, pet_name, age, type_id, owner_id) values (71, 'Kathryn', 15, 4, 75);
insert into pets (pet_id, pet_name, age, type_id, owner_id) values (72, 'Zed', 16, 2, 53);
insert into pets (pet_id, pet_name, age, type_id, owner_id) values (73, 'Khalil', 14, 3, 32);
insert into pets (pet_id, pet_name, age, type_id, owner_id) values (74, 'Abner', 4, 2, 1);
insert into pets (pet_id, pet_name, age, type_id, owner_id) values (75, 'Janeczka', 13, 3, 47);
insert into pets (pet_id, pet_name, age, type_id, owner_id) values (76, 'Berkly', 11, 2, 80);
insert into pets (pet_id, pet_name, age, type_id, owner_id) values (77, 'Amanda', 5, 1, 85);
insert into pets (pet_id, pet_name, age, type_id, owner_id) values (78, 'Brigida', 19, 1, 92);
insert into pets (pet_id, pet_name, age, type_id, owner_id) values (79, 'Lulu', 4, 1, 65);
insert into pets (pet_id, pet_name, age, type_id, owner_id) values (80, 'Lothaire', 14, 2, 74);
insert into pets (pet_id, pet_name, age, type_id, owner_id) values (81, 'Fletcher', 11, 1, 23);
insert into pets (pet_id, pet_name, age, type_id, owner_id) values (82, 'Poul', 13, 1, 22);
insert into pets (pet_id, pet_name, age, type_id, owner_id) values (83, 'Zola', 15, 3, 100);
insert into pets (pet_id, pet_name, age, type_id, owner_id) values (84, 'Bondy', 10, 3, 15);
insert into pets (pet_id, pet_name, age, type_id, owner_id) values (85, 'Valma', 19, 4, 27);
insert into pets (pet_id, pet_name, age, type_id, owner_id) values (86, 'Salvatore', 3, 2, 50);
insert into pets (pet_id, pet_name, age, type_id, owner_id) values (87, 'Ida', 12, 4, 51);
insert into pets (pet_id, pet_name, age, type_id, owner_id) values (88, 'Marv', 8, 1, 95);
insert into pets (pet_id, pet_name, age, type_id, owner_id) values (89, 'Bambi', 8, 2, 48);
insert into pets (pet_id, pet_name, age, type_id, owner_id) values (90, 'Britney', 19, 1, 31);
insert into pets (pet_id, pet_name, age, type_id, owner_id) values (91, 'Jaquenetta', 7, 2, 50);
insert into pets (pet_id, pet_name, age, type_id, owner_id) values (92, 'Gordie', 6, 4, 9);
insert into pets (pet_id, pet_name, age, type_id, owner_id) values (93, 'Claudetta', 7, 3, 96);
insert into pets (pet_id, pet_name, age, type_id, owner_id) values (94, 'Maurine', 6, 4, 49);
insert into pets (pet_id, pet_name, age, type_id, owner_id) values (95, 'Ruby', 14, 4, 35);
insert into pets (pet_id, pet_name, age, type_id, owner_id) values (96, 'Madelon', 17, 3, 22);
insert into pets (pet_id, pet_name, age, type_id, owner_id) values (97, 'Lynne', 4, 1, 7);
insert into pets (pet_id, pet_name, age, type_id, owner_id) values (98, 'Mirilla', 15, 3, 96);
insert into pets (pet_id, pet_name, age, type_id, owner_id) values (99, 'Annamaria', 3, 3, 88);
insert into pets (pet_id, pet_name, age, type_id, owner_id) values (100, 'Iver', 17, 2, 60);